{"stats":{"minecraft:picked_up":{"minecraft:stick":2,"minecraft:oak_log":4,"minecraft:spruce_log":7,"minecraft:oak_sapling":1,"minecraft:dirt":3},"minecraft:crafted":{"minecraft:oak_button":16,"minecraft:oak_planks":16,"minecraft:crafting_table":1,"minecraft:spruce_planks":28,"minecraft:wooden_pickaxe":1},"minecraft:used":{"minecraft:dirt":1,"minecraft:crafting_table":1,"minecraft:wooden_pickaxe":3},"minecraft:mined":{"minecraft:grass":1,"minecraft:grass_block":1,"minecraft:oak_log":4,"minecraft:dirt":2,"minecraft:spruce_log":7,"minecraft:oak_leaves":2},"minecraft:custom":{"minecraft:time_since_rest":7031,"minecraft:deaths":2,"minecraft:crouch_one_cm":3,"minecraft:sprint_one_cm":20472,"minecraft:play_time":20106,"minecraft:damage_taken":505,"minecraft:walk_one_cm":26416,"minecraft:sneak_time":5,"minecraft:walk_under_water_one_cm":487,"minecraft:drop":16,"minecraft:jump":151,"minecraft:time_since_death":0,"minecraft:leave_game":3,"minecraft:walk_on_water_one_cm":120,"minecraft:total_world_time":20106,"minecraft:swim_one_cm":6369,"minecraft:interact_with_crafting_table":1,"minecraft:fall_one_cm":7211,"minecraft:fly_one_cm":23216},"minecraft:killed_by":{"minecraft:zombie":1},"minecraft:dropped":{"minecraft:oak_button":16}},"DataVersion":3465}