{"stats":{"minecraft:mined":{"minecraft:grass_block":1,"minecraft:rose_bush":1,"minecraft:tall_grass":1,"minecraft:red_glazed_terracotta":1,"minecraft:moss_block":4,"minecraft:birch_log":5,"minecraft:birch_leaves":4,"minecraft:grass":1,"minecraft:bookshelf":2,"minecraft:coal_ore":6,"minecraft:gravel":1,"minecraft:dirt":4,"minecraft:terracotta":3,"minecraft:azalea":1,"minecraft:stone":45},"minecraft:used":{"minecraft:birch_planks":6,"minecraft:stone_pickaxe":68,"minecraft:shield":3,"minecraft:iron_sword":10,"minecraft:torch":2,"minecraft:dirt":20,"minecraft:chainmail_chestplate":2,"minecraft:bread":3,"minecraft:iron_helmet":1,"minecraft:iron_boots":1,"minecraft:golden_carrot":5,"minecraft:cobblestone":2,"minecraft:acacia_wood":2},"minecraft:killed":{"minecraft:creeper":1,"minecraft:zombie":1},"minecraft:dropped":{"minecraft:iron_ingot":2,"minecraft:bread":7,"minecraft:birch_planks":20,"minecraft:golden_carrot":2,"minecraft:bone":1},"minecraft:picked_up":{"minecraft:birch_log":5,"minecraft:golden_carrot":2,"minecraft:ladder":2,"minecraft:red_glazed_terracotta":2,"minecraft:acacia_wood":2,"minecraft:birch_planks":32,"minecraft:flint":2,"minecraft:chainmail_chestplate":1,"minecraft:shield":1,"minecraft:dirt":39,"minecraft:bone":1,"minecraft:wheat_seeds":2,"minecraft:spruce_planks":8,"minecraft:stone_pickaxe":2,"minecraft:iron_ingot":12,"minecraft:rose_bush":1,"minecraft:moss_block":4,"minecraft:iron_sword":1,"minecraft:iron_boots":1,"minecraft:book":17,"minecraft:stick":3,"minecraft:gravel":10,"minecraft:spruce_fence":2,"minecraft:redstone":2,"minecraft:arrow":2,"minecraft:rotten_flesh":6,"minecraft:iron_helmet":1,"minecraft:pink_tulip":1,"minecraft:terracotta":6,"minecraft:dark_oak_wood":1,"minecraft:bricks":1,"minecraft:coal":12,"minecraft:cobblestone":93},"minecraft:crafted":{"minecraft:iron_helmet":1,"minecraft:iron_sword":1,"minecraft:birch_planks":20,"minecraft:iron_boots":1,"minecraft:shield":1,"minecraft:stick":4,"minecraft:torch":12},"minecraft:killed_by":{"minecraft:skeleton":4,"minecraft:creeper":2},"minecraft:custom":{"minecraft:mob_kills":2,"minecraft:interact_with_crafting_table":5,"minecraft:open_barrel":3,"minecraft:leave_game":1,"minecraft:time_since_death":6629,"minecraft:climb_one_cm":4716,"minecraft:time_since_rest":6698,"minecraft:sprint_one_cm":28372,"minecraft:damage_taken":2798,"minecraft:walk_one_cm":83609,"minecraft:damage_blocked_by_shield":570,"minecraft:drop":12,"minecraft:damage_dealt":356,"minecraft:swim_one_cm":1357,"minecraft:fly_one_cm":53646,"minecraft:open_chest":2,"minecraft:crouch_one_cm":582,"minecraft:play_time":27497,"minecraft:deaths":6,"minecraft:sneak_time":212,"minecraft:walk_under_water_one_cm":2971,"minecraft:jump":427,"minecraft:walk_on_water_one_cm":3114,"minecraft:total_world_time":27497,"minecraft:fall_one_cm":12105}},"DataVersion":3465}