{"stats":{"minecraft:used":{"minecraft:dirt":16,"minecraft:stone_pickaxe":16},"minecraft:mined":{"minecraft:grass_block":1,"minecraft:gravel":1,"minecraft:dirt":4,"minecraft:birch_log":5,"minecraft:red_glazed_terracotta":1,"minecraft:stone":11,"minecraft:birch_leaves":3},"minecraft:killed":{"minecraft:creeper":1},"minecraft:picked_up":{"minecraft:birch_log":5,"minecraft:arrow":1,"minecraft:red_glazed_terracotta":1,"minecraft:wheat_seeds":1,"minecraft:gravel":5,"minecraft:stone_pickaxe":1,"minecraft:flint":1,"minecraft:pink_tulip":1,"minecraft:dirt":31,"minecraft:cobblestone":19},"minecraft:killed_by":{"minecraft:skeleton":3,"minecraft:creeper":2},"minecraft:custom":{"minecraft:time_since_rest":5564,"minecraft:play_time":15497,"minecraft:sprint_one_cm":20407,"minecraft:walk_one_cm":34410,"minecraft:damage_taken":2010,"minecraft:deaths":5,"minecraft:sneak_time":37,"minecraft:walk_under_water_one_cm":1760,"minecraft:mob_kills":1,"minecraft:jump":230,"minecraft:damage_dealt":67,"minecraft:leave_game":1,"minecraft:time_since_death":5504,"minecraft:walk_on_water_one_cm":2647,"minecraft:total_world_time":15497,"minecraft:interact_with_crafting_table":2,"minecraft:fall_one_cm":5836,"minecraft:fly_one_cm":35213}},"DataVersion":3465}