{"stats":{"minecraft:mined":{"minecraft:grass":18,"minecraft:oak_leaves":7},"minecraft:custom":{"minecraft:jump":78,"minecraft:time_since_rest":2318,"minecraft:leave_game":1,"minecraft:sprint_one_cm":9142,"minecraft:play_time":2318,"minecraft:damage_taken":125,"minecraft:time_since_death":2318,"minecraft:walk_one_cm":5019,"minecraft:climb_one_cm":142,"minecraft:total_world_time":2318,"minecraft:fall_one_cm":2143,"minecraft:fly_one_cm":14806},"minecraft:picked_up":{"minecraft:oak_sapling":1,"minecraft:wheat_seeds":3}},"DataVersion":3465}