{"stats":{"minecraft:used":{"minecraft:dirt":2,"minecraft:crafting_table":2,"minecraft:wooden_pickaxe":15},"minecraft:mined":{"minecraft:grass_block":1,"minecraft:dirt":3,"minecraft:birch_log":9,"minecraft:stone":6,"minecraft:crafting_table":1},"minecraft:killed":{"minecraft:pig":1},"minecraft:picked_up":{"minecraft:birch_log":8,"minecraft:crafting_table":1,"minecraft:wooden_pickaxe":1,"minecraft:birch_planks":11,"minecraft:porkchop":2,"minecraft:dirt":4,"minecraft:cobblestone":12},"minecraft:crafted":{"minecraft:birch_planks":32,"minecraft:crafting_table":1,"minecraft:stick":28,"minecraft:wooden_pickaxe":1},"minecraft:killed_by":{"minecraft:skeleton":1},"minecraft:custom":{"minecraft:time_since_rest":2047,"minecraft:crouch_one_cm":413,"minecraft:play_time":7660,"minecraft:sprint_one_cm":7496,"minecraft:deaths":1,"minecraft:damage_taken":420,"minecraft:walk_one_cm":12469,"minecraft:sneak_time":407,"minecraft:walk_under_water_one_cm":1170,"minecraft:mob_kills":1,"minecraft:jump":142,"minecraft:damage_dealt":100,"minecraft:time_since_death":2023,"minecraft:walk_on_water_one_cm":4248,"minecraft:total_world_time":7660,"minecraft:fall_one_cm":4491,"minecraft:swim_one_cm":2086,"minecraft:interact_with_crafting_table":2,"minecraft:fly_one_cm":13774}},"DataVersion":3465}