{"stats":{"minecraft:mined":{"minecraft:birch_log":15,"minecraft:crafting_table":1,"minecraft:grass":1,"minecraft:grass_block":1,"minecraft:dirt":6,"minecraft:stone":23},"minecraft:used":{"minecraft:stone_sword":25,"minecraft:stone_pickaxe":24,"minecraft:wooden_pickaxe":15,"minecraft:lilac":3,"minecraft:mossy_cobblestone":1,"minecraft:dirt":24,"minecraft:crafting_table":4},"minecraft:killed":{"minecraft:skeleton":2,"minecraft:pig":1,"minecraft:zombie":4,"minecraft:creeper":1},"minecraft:dropped":{"minecraft:stone_pickaxe":1},"minecraft:picked_up":{"minecraft:birch_log":18,"minecraft:stick":35,"minecraft:crafting_table":1,"minecraft:lilac":5,"minecraft:wooden_pickaxe":1,"minecraft:gravel":1,"minecraft:birch_planks":11,"minecraft:porkchop":3,"minecraft:gunpowder":2,"minecraft:string":6,"minecraft:mossy_cobblestone":1,"minecraft:dirt":31,"minecraft:stone_sword":2,"minecraft:arrow":1,"minecraft:bone":4,"minecraft:rotten_flesh":14,"minecraft:stone_axe":1,"minecraft:stone_pickaxe":3,"minecraft:pink_tulip":1,"minecraft:cobblestone":43},"minecraft:crafted":{"minecraft:crafting_table":3,"minecraft:stick":80,"minecraft:wooden_pickaxe":1,"minecraft:stone_pickaxe":2,"minecraft:stone_sword":2,"minecraft:birch_planks":56,"minecraft:stone_axe":1},"minecraft:killed_by":{"minecraft:skeleton":6,"minecraft:creeper":1,"minecraft:zombie":1},"minecraft:custom":{"minecraft:time_since_rest":995,"minecraft:sprint_one_cm":54723,"minecraft:damage_taken":2465,"minecraft:walk_one_cm":29293,"minecraft:mob_kills":8,"minecraft:drop":1,"minecraft:damage_dealt":1329,"minecraft:swim_one_cm":7618,"minecraft:interact_with_crafting_table":10,"minecraft:fly_one_cm":119903,"minecraft:crouch_one_cm":1064,"minecraft:play_time":19660,"minecraft:deaths":9,"minecraft:sneak_time":1692,"minecraft:walk_under_water_one_cm":1405,"minecraft:jump":541,"minecraft:walk_on_water_one_cm":5112,"minecraft:time_since_death":889,"minecraft:total_world_time":19660,"minecraft:fall_one_cm":18298}},"DataVersion":3465}