{"stats":{"minecraft:mined":{"minecraft:crafting_table":4,"minecraft:torch":1,"minecraft:grass_block":1,"minecraft:wall_torch":1,"minecraft:spawner":1,"minecraft:birch_log":18,"minecraft:iron_ore":2,"minecraft:acacia_wood":4,"minecraft:birch_leaves":1,"minecraft:grass":2,"minecraft:coal_ore":2,"minecraft:dirt":7,"minecraft:stone":23},"minecraft:used":{"minecraft:stone_sword":55,"minecraft:birch_planks":1,"minecraft:stone_pickaxe":29,"immersive_armors:bone_boots":1,"minecraft:wooden_pickaxe":15,"minecraft:shield":12,"minecraft:rotten_flesh":1,"minecraft:torch":4,"minecraft:mossy_cobblestone":1,"minecraft:dirt":25,"minecraft:crafting_table":7,"minecraft:spruce_stairs":3,"minecraft:bread":1,"minecraft:lilac":3,"minecraft:stone_axe":11,"minecraft:cobblestone":2,"minecraft:golden_carrot":1,"minecraft:acacia_planks":5},"minecraft:killed":{"minecraft:pig":2,"minecraft:creeper":1,"minecraft:skeleton":5,"minecraft:zombie":4},"minecraft:dropped":{"minecraft:iron_ingot":2,"minecraft:stone_sword":1,"minecraft:golden_carrot":1,"minecraft:torch":2,"minecraft:stone_pickaxe":1},"minecraft:picked_up":{"minecraft:birch_log":21,"minecraft:crafting_table":4,"minecraft:lilac":6,"minecraft:golden_carrot":4,"minecraft:wooden_pickaxe":1,"minecraft:acacia_wood":4,"minecraft:birch_planks":13,"minecraft:shield":1,"minecraft:gunpowder":3,"minecraft:dirt":32,"minecraft:string":6,"minecraft:bone":8,"minecraft:iron_ingot":5,"minecraft:stone_pickaxe":4,"minecraft:azalea":1,"minecraft:stick":70,"minecraft:raw_iron":4,"minecraft:torch":4,"minecraft:spruce_stairs":3,"minecraft:gravel":1,"minecraft:porkchop":7,"minecraft:mossy_cobblestone":1,"minecraft:stone_sword":4,"minecraft:arrow":7,"minecraft:rotten_flesh":16,"immersive_armors:bone_boots":1,"minecraft:stone_axe":2,"minecraft:pink_tulip":2,"minecraft:bread":7,"minecraft:coal":4,"minecraft:cobblestone":55},"minecraft:crafted":{"minecraft:crafting_table":5,"minecraft:wooden_pickaxe":1,"minecraft:furnace":1,"minecraft:birch_planks":68,"minecraft:stone_axe":1,"minecraft:shield":1,"minecraft:stick":80,"minecraft:stone_pickaxe":2,"minecraft:stone_sword":2,"minecraft:acacia_planks":16,"minecraft:torch":8,"immersive_armors:bone_boots":1},"minecraft:killed_by":{"minecraft:skeleton":7,"minecraft:creeper":1,"minecraft:zombie":1},"minecraft:custom":{"minecraft:mob_kills":13,"minecraft:interact_with_crafting_table":15,"minecraft:open_barrel":5,"minecraft:time_since_death":6769,"minecraft:climb_one_cm":8686,"minecraft:time_since_rest":6796,"minecraft:sprint_one_cm":76651,"minecraft:damage_taken":2982,"minecraft:walk_one_cm":69364,"minecraft:damage_blocked_by_shield":990,"minecraft:drop":5,"minecraft:damage_dealt":2305,"minecraft:swim_one_cm":14889,"minecraft:fly_one_cm":148201,"minecraft:open_chest":1,"minecraft:crouch_one_cm":3203,"minecraft:play_time":31660,"minecraft:deaths":10,"minecraft:sneak_time":2582,"minecraft:walk_under_water_one_cm":4862,"minecraft:jump":783,"minecraft:walk_on_water_one_cm":6906,"minecraft:total_world_time":31660,"minecraft:fall_one_cm":24828}},"DataVersion":3465}