{
  "create:root": {
    "criteria": {
      "0": "2024-06-23 22:40:14 +0000"
    },
    "done": true
  },
  "minecraft:recipes/decorations/crafting_table": {
    "criteria": {
      "unlock_right_away": "2024-06-23 22:40:14 +0000"
    },
    "done": true
  },
  "minecraft:adventure/adventuring_time": {
    "criteria": {
      "minecraft:river": "2024-06-23 23:03:15 +0000",
      "minecraft:swamp": "2024-06-23 23:03:29 +0000",
      "minecraft:forest": "2024-06-23 22:40:15 +0000",
      "minecraft:meadow": "2024-06-23 23:03:48 +0000"
    },
    "done": false
  },
  "man:feelingwatched": {
    "criteria": {
      "feelingwatched": "2024-06-23 23:01:12 +0000"
    },
    "done": true
  },
  "DataVersion": 3465
}